shortid,europeanancestry1900,excolony,governancequality,logincome,logsettlermortality,loghjypl,basesample
AFG,0.0,1.0,,,4.540098190307620,,
AGO,8.0,1.0,5.363636493682860,7.7706451416015600,5.63478946685791,-3.411247730255130,1.0
ARE,0.0,1.0,7.181818008422850,9.804219245910650,,,
ARG,60.000003814697300,1.0,6.386363506317140,9.133459091186520,4.232656002044680,-0.8722738027572630,1.0
ARM,0.0,0.0,,7.6824822425842300,,,
AUS,98.0,1.0,9.318181991577150,9.897972106933590,2.1459312438964800,-0.17078833281993900,1.0
AUT,100.0,0.0,9.727272987365720,9.97487735748291,,-0.34389975666999800,
AZE,0.0,0.0,,7.3065314292907700,,,
BDI,0.0,1.0,,6.56526517868042,5.63478946685791,-3.5065579414367700,
BEL,100.0,0.0,9.681818008422850,9.992871284484860,,-0.17912663519382500,
BEN,0.0,1.0,,7.090076923370360,5.58544921875,-2.8302178382873500,
BFA,0.0,1.0,4.454545497894290,6.845880031585690,5.63478946685791,-3.540459394454960,1.0
BGD,0.0,1.0,5.136363506317140,6.877295970916750,4.26843786239624,-2.063568115234380,1.0
BGR,100.0,0.0,8.909090995788570,8.457443237304690,,,
BHR,0.0,1.0,8.0,9.685953140258790,,,
BHS,10.0,1.0,7.5,9.28544807434082,4.442651271820070,,1.0
BIH,100.0,0.0,,,,,
BLR,100.0,0.0,,8.340456008911130,,,
BLZ,20.0,1.0,,8.377931594848630,5.0955891609191900,,
BOL,30.000001907348600,1.0,5.636363506317140,7.926602363586430,4.2626800537109400,-1.9661128520965600,1.0
BRA,40.0,1.0,7.909090995788570,8.72745418548584,4.2626800537109400,-1.1425641775131200,1.0
BRB,20.0,1.0,,9.26672077178955,4.442651271820070,-0.9063403606414800,
BTN,0.0,1.0,,,,,
BWA,0.0,1.0,7.7272725105285600,8.855093002319340,,-2.3644604682922400,
CAF,0.0,1.0,,7.192934036254880,5.63478946685791,-3.411247730255130,
CAN,99.0,1.0,9.727272987365720,9.986449241638180,2.7788193225860600,-0.06081215664744380,1.0
CHE,100.0,0.0,10.0,10.120210647583000,,-0.13467489182949100,
CHL,50.0,1.0,7.818181991577150,9.336091995239260,4.232656002044680,-1.3356012105941800,1.0
CHN,0.0,0.0,7.7727274894714400,7.886081218719480,4.770684719085690,-2.813410758972170,
CIV,0.0,1.0,7.0,7.444248676300050,6.504288196563720,-2.3330442905426000,1.0
CMR,0.0,1.0,6.454545497894290,7.501081943511960,5.63478946685791,-2.577022075653080,1.0
COG,0.0,1.0,4.681818008422850,7.420578956604000,5.4806389808654800,-2.103734254837040,1.0
COL,20.0,1.0,7.318181991577150,8.809863090515140,4.2626800537109400,-1.3318061828613300,1.0
COM,5.0,1.0,,7.383989334106450,,-3.352407217025760,
CPV,5.0,1.0,,7.979339122772220,,-2.577022075653080,
CRI,20.0,1.0,7.045454502105710,8.794824600219730,4.357990264892580,-1.358679175376890,1.0
CZE,100.0,0.0,8.863636016845700,9.20432186126709,,-1.5558971166610700,
DEU,100.0,0.0,,9.935470581054690,,-0.20089292526245100,
DJI,0.0,1.0,,,3.25809645652771,,
DNK,100.0,0.0,9.727272987365720,10.005592346191400,,-0.3710636794567110,
DOM,25.0,1.0,6.181818008422850,8.364042282104490,4.867534637451170,-1.5798791646957400,1.0
DZA,13.0,1.0,6.5,8.389359474182130,4.359269618988040,-1.1147416830062900,1.0
ECU,30.000001907348600,1.0,6.545454502105710,8.470101356506350,4.2626800537109400,-1.439695119857790,1.0
EGY,0.0,1.0,6.7727274894714400,7.951559543609620,4.216562271118160,-1.6766465902328500,1.0
ERI,0.0,1.0,,6.620073318481450,,,
ESP,100.0,0.0,9.681818008422850,9.618468284606930,,-0.38272565603256200,
EST,100.0,0.0,,8.393895149230960,,,
ETH,0.0,1.0,5.7272725105285600,6.10924768447876,3.25809645652771,,1.0
FIN,100.0,0.0,9.727272987365720,9.826066017150880,,-0.3092462122440340,
FJI,,1.0,,8.301521301269530,2.4336133003234900,-1.2982834577560400,
FRA,100.0,0.0,9.727272987365720,9.963641166687010,1.0577902793884300,-0.20089292526245100,
GAB,0.0,1.0,7.818181991577150,8.907882690429690,5.63478946685791,-1.85150945186615,1.0
GBR,100.0,0.0,9.772727012634280,9.878170013427730,0.9360933303833010,-0.3188287913799290,
GEO,100.0,0.0,,7.371489524841310,,,
GHA,0.0,1.0,6.2727274894714400,7.365180015563970,6.504288196563720,-2.9565114974975600,1.0
GIN,0.0,1.0,6.545454502105710,7.489970684051510,6.18001651763916,-3.146555185317990,1.0
GMB,0.0,1.0,8.272727012634280,7.272398471832280,7.293017864227300,-3.0365543365478500,1.0
GNB,0.0,1.0,4.545454502105710,,5.103882789611820,-3.2441935539245600,
GRC,100.0,0.0,7.818181991577150,9.397649765014650,,-0.7571524977684020,
GTM,20.0,1.0,5.136363506317140,8.294049263000490,4.2626800537109400,-1.56064772605896,1.0
GUY,2.0,1.0,5.886363506317140,7.9047040939331100,3.4713451862335200,-2.2537949085235600,1.0
HKG,4.0,1.0,8.136363983154300,10.049750328064000,2.7013611793518100,-0.4975804388523100,1.0
HND,20.0,1.0,5.318181991577150,7.687080383300780,4.357990264892580,-2.0402209758758500,1.0
HRV,100.0,0.0,,8.418477058410650,,,
HTI,0.0,1.0,3.7272727489471400,7.146772384643560,4.867534637451170,-2.864703893661500,1.0
HUN,100.0,0.0,9.0,8.809863090515140,,-1.1809074878692600,
IDN,0.0,1.0,7.590909004211430,8.070905685424810,5.135798454284670,-2.207274913787840,1.0
IND,0.0,1.0,8.272727012634280,7.326000213623050,3.8842406272888200,-2.4534080028533900,1.0
IRL,,0.0,9.727272987365720,9.769384384155270,,-0.5499129891395570,
IRN,0.0,0.0,4.7727274894714400,8.605203628540040,,-1.2207800149917600,
IRQ,0.0,1.0,1.6363636255264300,,,,
ISL,100.0,0.0,9.727272987365720,9.943669319152830,,-0.31471070647239700,
ISR,0.0,1.0,8.545454978942870,9.784140586853030,,-0.41703176498413100,
ITA,100.0,0.0,9.454545021057130,9.897972106933590,,-0.18152189254760700,
JAM,1.899999976158140,1.0,7.090909004211430,8.188689231872560,4.867534637451170,-2.0402209758758500,1.0
JOR,0.0,1.0,6.7727274894714400,8.171881675720220,,-0.8770700097084050,
JPN,0.0,0.0,9.727272987365720,10.034076690673800,,-0.5327304601669310,
KAZ,,0.0,,8.13153076171875,,,
KEN,0.0,1.0,6.045454502105710,7.056175231933590,4.976733684539800,-2.882403612136840,1.0
KGZ,,0.0,,7.575584888458250,,,
KOR,0.0,0.0,8.636363983154300,9.415727615356450,4.770684719085690,-0.9675840139389040,
KWT,0.0,1.0,7.045454502105710,9.803667068481450,,,
LAO,0.0,1.0,,7.090076923370360,4.9416422843933100,,
LBR,0.0,0.0,3.6363637447357200,,6.18001651763916,,
LBY,0.0,1.0,5.2727274894714400,,,,
LKA,0.0,1.0,6.045454502105710,7.731930732727050,4.245634078979490,-1.8643301725387600,1.0
LSO,0.0,1.0,,7.3065314292907700,,-2.764620542526250,
LTU,100.0,0.0,,8.237479209899900,,,
LUX,100.0,0.0,10.0,10.288749694824200,,-0.014098922722041600,
LVA,100.0,0.0,,8.15478801727295,,,
MAR,1.0,1.0,7.090909004211430,8.042378425598150,4.359269618988040,-1.6766465902328500,1.0
MDA,100.0,0.0,,7.377758979797360,,,
MDG,0.0,1.0,4.454545497894290,6.835184574127200,6.28420877456665,-3.194183111190800,1.0
MEX,15.000000953674300,1.0,7.5,8.943767547607420,4.2626800537109400,-0.8370175361633300,1.0
MKD,100.0,0.0,,8.061487197875980,,,
MLI,0.0,1.0,4.0,6.56526517868042,7.9861650466918900,-3.352407217025760,1.0
MLT,,1.0,7.2272725105285600,9.42706298828125,2.7911651134491000,-0.7700282335281370,1.0
MMR,0.0,1.0,5.7727274894714400,,3.543853521347050,-3.540459394454960,
MNG,0.0,0.0,7.363636493682860,7.299797534942630,,,
MOZ,2.5,1.0,6.5,6.46146821975708,,-3.2441935539245600,
MRT,0.0,1.0,,7.414572715759280,5.63478946685791,-2.995732307434080,
MUS,5.0,1.0,,9.053686141967770,3.417726755142210,-1.3394107818603500,
MWI,2.700000047683720,1.0,6.818181991577150,6.46146821975708,,-3.5065579414367700,
MYS,0.0,1.0,7.954545497894290,8.894258499145510,2.8735647201538100,-1.3205066919326800,1.0
NAM,0.0,1.0,,8.515191078186040,,-1.639897108078000,
NER,0.0,1.0,5.0,6.733401775360110,5.991464614868160,-3.540459394454960,1.0
NGA,0.0,1.0,5.545454502105710,6.8134446144104,7.602900505065920,-3.0365543365478500,1.0
NIC,20.0,1.0,5.2272725105285600,7.544332027435300,5.0955891609191900,-2.0714733600616500,1.0
NLD,100.0,0.0,10.0,9.896965980529790,,-0.21567153930664100,
NOR,100.0,0.0,9.954545021057130,10.023933410644500,,-0.2757534980773930,
NPL,0.0,1.0,,6.937314033508300,,,
NZL,93.0,1.0,9.727272987365720,9.756147384643560,2.1459312438964800,-0.33267942070961,1.0
OMN,0.0,1.0,7.136363506317140,9.208338737487790,,-0.8580218553543090,
PAK,0.0,1.0,6.045454502105710,7.352441310882570,3.610647678375240,-2.055724859237670,1.0
PAN,20.0,1.0,5.909090995788570,8.836374282836910,5.0955891609191900,-1.500583529472350,1.0
PER,30.000001907348600,1.0,5.7727274894714400,8.396154403686520,4.2626800537109400,-1.439695119857790,1.0
PHL,1.0,1.0,5.454545497894290,8.09864330291748,,-2.0714733600616500,
PNG,0.0,1.0,7.2727274894714400,,5.135798454284670,-2.551046371459960,
POL,100.0,0.0,7.681818008422850,8.655214309692380,,-1.435484528541570,
PRK,0.0,0.0,,,,,
PRT,100.0,0.0,9.181818008422850,9.489485740661620,,-1.0051219463348400,
PRY,25.0,1.0,6.954545497894290,8.20794677734375,4.357990264892580,-1.7719568014144900,1.0
QAT,0.0,1.0,7.7272725105285600,9.685331344604490,,,
ROM,100.0,0.0,7.2727274894714400,8.3870849609375,,-2.1803674697876000,
RUS,100.0,0.0,8.454545021057130,8.405143737792970,,-0.874669075012207,
RWA,0.0,1.0,,6.476972579956060,5.63478946685791,-3.146555185317990,
SAU,0.0,1.0,7.590909004211430,9.239899635314940,,-0.6386590003967290,
SDN,0.0,1.0,4.0,7.3065314292907700,4.479607105255130,-2.7030625343322800,1.0
SEN,0.0,1.0,6.0,7.402451515197750,5.103882789611820,-2.631089210510250,1.0
SGP,4.0,1.0,9.318181991577150,10.14643383026120,2.8735647201538100,-0.5008752942085270,1.0
SLE,0.0,1.0,5.818181991577150,6.253829002380370,6.18001651763916,-2.7488720417022700,1.0
SLV,20.0,1.0,5.0,7.948031902313230,4.357990264892580,-1.85150945186615,1.0
SOM,0.0,1.0,3.0,,,-3.015934944152830,
STP,100.0,1.0,8.409090995788570,,,,
SUR,1.0,,4.681818008422850,8.010000228881840,3.4713451862335200,-1.3704209327697800,
SVK,100.0,0.0,,8.852235794067380,,,
SVN,,0.0,,9.30018138885498,,,
SWE,100.0,0.0,9.5,9.866304397583010,,-0.23952703177928900,
SWZ,0.0,1.0,,8.107720375061040,,-1.8078888654708900,
SYR,0.0,1.0,5.818181991577150,8.029433250427250,,-0.8255363702774050,
TCD,0.0,1.0,,6.835184574127200,5.63478946685791,-3.44201922416687,
TGO,0.0,1.0,6.909090995788570,7.2225661277771,6.504288196563720,-3.2188758850097700,1.0
THA,0.0,0.0,7.636363506317140,8.774930953979490,4.9416422843933100,-1.85150945186615,
TJK,,0.0,,6.887552738189700,,,
TKM,,0.0,,7.64012336730957,,,
TTO,40.0,1.0,7.454545497894290,8.768730163574220,4.442651271820070,-0.697155237197876,1.0
TUN,3.0,1.0,6.454545497894290,8.4826021194458,4.143134593963620,-1.5278578996658300,1.0
TUR,0.0,0.0,7.454545497894290,8.641179084777830,,-1.523260235786440,
TWN,0.0,0.0,9.227272987365720,,,-0.8096809983253480,
TZA,0.0,1.0,6.636363506317140,6.253829002380370,5.63478946685791,-3.44201922416687,1.0
UGA,0.0,1.0,4.454545497894290,6.966024398803710,5.63478946685791,-3.44201922416687,1.0
UKR,100.0,0.0,,7.811973571777340,,,
URY,60.000003814697300,1.0,7.0,9.031213760375980,4.2626800537109400,-1.0788096189498900,1.0
USA,87.5,1.0,10.0,10.215740203857400,2.70805025100708,0.0,1.0
UZB,,0.0,,7.807916641235350,,,
VEN,20.0,1.0,7.136363506317140,9.071078300476070,4.357990264892580,-0.7031974792480470,1.0
VNM,0.0,1.0,6.409090995788570,7.279318809509280,4.9416422843933100,,1.0
YEM,0.0,1.0,6.363636493682860,6.646390438079830,,-1.5511690378189100,
YUG,100.0,0.0,6.318181991577150,,,-1.2039728164672900,
ZAF,22.0,1.0,6.863636493682860,8.885993957519530,2.740839958190920,-1.3862943649292000,1.0
ZAR,8.0,1.0,3.5,6.866933345794680,5.4806389808654800,-3.411247730255130,1.0
ZMB,3.0,1.0,6.636363506317140,6.8134446144104,,-2.9759297370910600,
ZWE,7.199999809265140,1.0,6.0,7.6962127685546900,,-2.733368158340450,